candidate,zone_1_size_m,zone_2_size_m,zone_3_size_m,zone_4_size_m,mirror_count,total_area_m2,field_center_margin_min_m,tower_exclusion_margin_min_m,dimension_margin_min_m,installation_margin_min_m,spacing_margin_min_m,nearest_distance_min_m,tower_inside_field_margin_m,all_geometric_constraints_pass,screen_eta_cos,screen_eta_at,screen_eta_sb,screen_eta_trunc,screen_eta_total,screen_power_kw,screen_power_per_area_kw_m2
1,6.5,6.5,6.5,6.5,3054,129031.5,0.10528122158166298,0.1146020245086703,0.0,0.04999999999999982,0.04999999999991722,11.549999999999917,300.0,True,0.7743904640060418,0.9636176603567042,0.7702769894976836,0.9574170536292813,0.4889907027751339,60579.18469157653,0.46949143962192585
2,6.54,6.54,6.5,6.44,3054,129234.8136,0.10528122158166298,0.1146020245086703,0.0,0.04999999999999982,0.009999999999918074,11.549999999999917,300.0,True,0.774080672600795,0.9636998795179038,0.770799784853936,0.9578104652408564,0.4892200901771169,60706.43829339131,0.46973750030921474
3,6.54,6.52,6.48,6.44,3054,128837.44320000001,0.10528122158166298,0.1146020245086703,0.0,0.04999999999999982,0.009999999999918074,11.549999999999917,300.0,True,0.7741740846938584,0.9637009648508691,0.7719844936782753,0.9579702233184021,0.49020592973769905,60641.47955006193,0.47068210951629563
4,6.54,6.54,6.48,6.42,3054,128840.23800000001,0.10528122158166298,0.1146020245086703,0.0,0.04999999999999982,0.009999999999918074,11.549999999999917,300.0,True,0.7740534582103439,0.9637192253141685,0.772070565149582,0.958127756573956,0.49024364426541306,60648.82905945302,0.4707289430764092
5,6.54,6.5,6.46,6.42,3054,128244.7928,0.10528122158166298,0.1146020245086703,0.0,0.04999999999999982,0.009999999999918074,11.549999999999917,300.0,True,0.7741873287297428,0.9637165477311399,0.773720856694712,0.9584017707495014,0.4916727243655877,60542.9034314843,0.47208859018472604
6,6.54,6.48,6.42,6.36,3054,127067.78520000001,0.10528122158166298,0.1146020245086703,0.0,0.04999999999999982,0.009999999999918074,11.549999999999917,300.0,True,0.7740927767946025,0.9637663475743969,0.7774916924157317,0.959450031756949,0.4947633688482744,60362.25593276307,0.47503980523273553
7,6.54,6.46,6.38,6.3,3054,125899.3304,0.10528122158166298,0.1146020245086703,0.0,0.04999999999999982,0.009999999999918074,11.549999999999917,300.0,True,0.7739977807524979,0.9638166153661323,0.7811677275284851,0.9603532282701579,0.4977566069057426,60165.72287581734,0.4778875525760329
8,6.54,6.44,6.34,6.24,3054,124739.4284,0.10528122158166298,0.1146020245086703,0.0,0.04999999999999982,0.009999999999918074,11.549999999999917,300.0,True,0.7739023505817574,0.9638673537935891,0.7853394081319228,0.9612082647760869,0.5010719909510356,60007.581870501475,0.48106346678193906
9,6.54,6.42,6.3,6.18,3054,123588.07920000001,0.10528122158166298,0.1146020245086703,0.0,0.04999999999999982,0.009999999999918074,11.549999999999917,300.0,True,0.773806496816372,0.9639185654497607,0.7891940530566424,0.9619875618340422,0.5041572809195239,59820.70930139863,0.4840330045472429
