x,y,objective
-3.0,-3.0,22.432773
-3.0,-2.85,21.46558
-3.0,-2.7,20.566918
-3.0,-2.55,19.735461
-3.0,-2.4,18.969509
-3.0,-2.25,18.267137
-3.0,-2.1,17.626368
-3.0,-1.95,17.045351
-3.0,-1.8,16.522523
-3.0,-1.65,16.056753
-3.0,-1.5,15.647439
-3.0,-1.35,15.294565
-3.0,-1.2,14.998701
-3.0,-1.05,14.76095
-3.0,-0.9,14.582854
-3.0,-0.75,14.466253
-3.0,-0.6,14.41312
-3.0,-0.45,14.425388
-3.0,-0.3,14.504776
-3.0,-0.15,14.652632
-3.0,0.0,14.869819
-3.0,0.15,15.156632
-3.0,0.3,15.512776
-3.0,0.45,15.937388
-3.0,0.6,16.42912
-3.0,0.75,16.986253
-3.0,0.9,17.606854
-3.0,1.05,18.28895
-3.0,1.2,19.030701
-3.0,1.35,19.830565
-3.0,1.5,20.687439
-3.0,1.65,21.600753
-3.0,1.8,22.570523
-3.0,1.95,23.597351
-3.0,2.1,24.682368
-3.0,2.25,25.827137
-3.0,2.4,27.033509
-3.0,2.55,28.303461
-3.0,2.7,29.638918
-3.0,2.85,31.04158
-3.0,3.0,32.512773
-2.85,-3.0,21.25387
-2.85,-2.85,20.294699
-2.85,-2.7,19.408828
-2.85,-2.55,18.593789
-2.85,-2.4,17.846414
-2.85,-2.25,17.163118
-2.85,-2.1,16.540221
-2.85,-1.95,15.974275
-2.85,-1.8,15.462371
-2.85,-1.65,15.002403
-2.85,-1.5,14.59325
-2.85,-1.35,14.234881
-2.85,-1.2,13.928358
-2.85,-1.05,13.675736
-2.85,-0.9,13.479884
-2.85,-0.75,13.344229
-2.85,-0.6,13.272447
-2.85,-0.45,13.268136
-2.85,-0.3,13.334495
-2.85,-0.15,13.474037
-2.85,0.0,13.688368
-2.85,0.15,13.978037
-2.85,0.3,14.342495
-2.85,0.45,14.780136
-2.85,0.6,15.288447
-2.85,0.75,15.864229
-2.85,0.9,16.503884
-2.85,1.05,17.203736
-2.85,1.2,17.960358
-2.85,1.35,18.770881
-2.85,1.5,19.63325
-2.85,1.65,20.546403
-2.85,1.8,21.510371
-2.85,1.95,22.526275
-2.85,2.1,23.596221
-2.85,2.25,24.723118
-2.85,2.4,25.910414
-2.85,2.55,27.161789
-2.85,2.7,28.480828
-2.85,2.85,29.870699
-2.85,3.0,31.33387
-2.7,-3.0,20.146373
-2.7,-2.85,19.191776
-2.7,-2.7,18.313195
-2.7,-2.55,17.507513
-2.7,-2.4,16.770724
-2.7,-2.25,16.098301
-2.7,-2.1,15.48559
-2.7,-1.95,14.928233
-2.7,-1.8,14.422556
-2.7,-1.65,13.965894
-2.7,-1.5,13.556833
-2.7,-1.35,13.195333
-2.7,-1.2,12.882734
-2.7,-1.05,12.621636
-2.7,-0.9,12.415665
-2.7,-0.75,12.269151
-2.7,-0.6,12.18674
-2.7,-0.45,12.172979
-2.7,-0.3,12.231913
-2.7,-0.15,12.366717
-2.7,0.0,12.57942
-2.7,0.15,12.870717
-2.7,0.3,13.239913
-2.7,0.45,13.684979
-2.7,0.6,14.20274
-2.7,0.75,14.789151
-2.7,0.9,15.439665
-2.7,1.05,16.149636
-2.7,1.2,16.914734
-2.7,1.35,17.731333
-2.7,1.5,18.596833
-2.7,1.65,19.509894
-2.7,1.8,20.470556
-2.7,1.95,21.480233
-2.7,2.1,22.54159
-2.7,2.25,23.658301
-2.7,2.4,24.834724
-2.7,2.55,26.075513
-2.7,2.7,27.385195
-2.7,2.85,28.767776
-2.7,3.0,30.226373
-2.55,-3.0,19.117253
-2.55,-2.85,18.162867
-2.55,-2.7,17.284624
-2.55,-2.55,16.479375
-2.55,-2.4,15.743077
-2.55,-2.25,15.071157
-2.55,-2.1,14.458917
-2.55,-1.95,13.901959
-2.55,-1.8,13.39657
-2.55,-1.65,12.940061
-2.55,-1.5,12.531004
-2.55,-1.35,12.169359
-2.55,-1.2,11.856479
-2.55,-1.05,11.594988
-2.55,-0.9,11.388549
-2.55,-0.75,11.241531
-2.55,-0.6,11.158628
-2.55,-0.45,11.14443
-2.55,-0.3,11.20302
-2.55,-0.15,11.337605
-2.55,0.0,11.550232
-2.55,0.15,11.841605
-2.55,0.3,12.21102
-2.55,0.45,12.65643
-2.55,0.6,13.174628
-2.55,0.75,13.761531
-2.55,0.9,14.412549
-2.55,1.05,15.122988
-2.55,1.2,15.888479
-2.55,1.35,16.705359
-2.55,1.5,17.571004
-2.55,1.65,18.484061
-2.55,1.8,19.44457
-2.55,1.95,20.453959
-2.55,2.1,21.514917
-2.55,2.25,22.631157
-2.55,2.4,23.807077
-2.55,2.55,25.047375
-2.55,2.7,26.356624
-2.55,2.85,27.738867
-2.55,3.0,29.197253
-2.4,-3.0,18.16683
-2.4,-2.85,17.208253
-2.4,-2.7,16.323328
-2.4,-2.55,15.509502
-2.4,-2.4,14.7635
-2.4,-2.25,14.081614
-2.4,-2.1,13.460039
-2.4,-1.95,12.895207
-2.4,-1.8,12.384111
-2.4,-1.65,11.924572
-2.4,-1.5,11.515431
-2.4,-1.35,11.156656
-2.4,-1.2,10.849344
-2.4,-1.05,10.595622
-2.4,-0.9,10.398458
-2.4,-0.75,10.261394
-2.4,-0.6,10.188233
-2.4,-0.45,10.182697
-2.4,-0.3,10.248092
-2.4,-0.15,10.38702
-2.4,0.0,10.60114
-2.4,0.15,10.89102
-2.4,0.3,11.256092
-2.4,0.45,11.694697
-2.4,0.6,12.204233
-2.4,0.75,12.781394
-2.4,0.9,13.422458
-2.4,1.05,14.123622
-2.4,1.2,14.881344
-2.4,1.35,15.692656
-2.4,1.5,16.555431
-2.4,1.65,17.468572
-2.4,1.8,18.432111
-2.4,1.95,19.447207
-2.4,2.1,20.516039
-2.4,2.25,21.641614
-2.4,2.4,22.8275
-2.4,2.55,24.077502
-2.4,2.7,25.395328
-2.4,2.85,26.784253
-2.4,3.0,28.24683
-2.25,-3.0,17.288719
-2.25,-2.85,16.322382
-2.25,-2.7,15.425085
-2.25,-2.55,14.595381
-2.25,-2.4,13.831412
-2.25,-2.25,13.131076
-2.25,-2.1,12.492215
-2.25,-1.95,11.912806
-2.25,-1.8,11.391145
-2.25,-1.65,10.925994
-2.25,-1.5,10.516697
-2.25,-1.35,10.163237
-2.25,-1.2,9.866235
-2.25,-1.05,9.626897
-2.25,-0.9,9.446905
-2.25,-0.75,9.32827
-2.25,-0.6,9.273146
-2.25,-0.45,9.283645
-2.25,-0.3,9.361641
-2.25,-0.15,9.50861
-2.25,0.0,9.725492
-2.25,0.15,10.01261
-2.25,0.3,10.369641
-2.25,0.45,10.795645
-2.25,0.6,11.289146
-2.25,0.75,11.84827
-2.25,0.9,12.470905
-2.25,1.05,13.154897
-2.25,1.2,13.898235
-2.25,1.35,14.699237
-2.25,1.5,15.556697
-2.25,1.65,16.469994
-2.25,1.8,17.439145
-2.25,1.95,18.464806
-2.25,2.1,19.548215
-2.25,2.25,20.691076
-2.25,2.4,21.895412
-2.25,2.55,23.163381
-2.25,2.7,24.497085
-2.25,2.85,25.898382
-2.25,3.0,27.368719
-2.1,-3.0,16.471094
-2.1,-2.85,15.494974
-2.1,-2.7,14.582079
-2.1,-2.55,13.732356
-2.1,-2.4,12.945735
-2.1,-2.25,12.222138
-2.1,-2.1,11.561484
-2.1,-1.95,10.963697
-2.1,-1.8,10.428714
-2.1,-1.65,9.956489
-2.1,-1.5,9.546996
-2.1,-1.35,9.200236
-2.1,-1.2,8.916232
-2.1,-1.05,8.695028
-2.1,-0.9,8.536688
-2.1,-0.75,8.441286
-2.1,-0.6,8.408903
-2.1,-0.45,8.439619
-2.1,-0.3,8.533502
-2.1,-0.15,8.690609
-2.1,0.0,8.910973
-2.1,0.15,9.194609
-2.1,0.3,9.541502
-2.1,0.45,9.951619
-2.1,0.6,10.424903
-2.1,0.75,10.961286
-2.1,0.9,11.560688
-2.1,1.05,12.223028
-2.1,1.2,12.948232
-2.1,1.35,13.736236
-2.1,1.5,14.586996
-2.1,1.65,15.500489
-2.1,1.8,16.476714
-2.1,1.95,17.515697
-2.1,2.1,18.617484
-2.1,2.25,19.782138
-2.1,2.4,21.009735
-2.1,2.55,22.300356
-2.1,2.7,23.654079
-2.1,2.85,25.070974
-2.1,3.0,26.551094
-1.95,-3.0,15.699048
-1.95,-2.85,14.713069
-1.95,-2.7,13.784456
-1.95,-2.55,12.914559
-1.95,-2.4,12.105111
-1.95,-2.25,11.358073
-1.95,-2.1,10.675457
-1.95,-1.95,10.05915
-1.95,-1.8,9.510743
-1.95,-1.65,9.031388
-1.95,-1.5,8.621699
-1.95,-1.35,8.281691
-1.95,-1.2,8.010784
-1.95,-1.05,7.807855
-1.95,-0.9,7.671333
-1.95,-0.75,7.599345
-1.95,-0.6,7.589879
-1.95,-0.45,7.640967
-1.95,-0.3,7.75086
-1.95,-0.15,7.918183
-1.95,0.0,8.142058
-1.95,0.15,8.422183
-1.95,0.3,8.75886
-1.95,0.45,9.152967
-1.95,0.6,9.605879
-1.95,0.75,10.119345
-1.95,0.9,10.695333
-1.95,1.05,11.335855
-1.95,1.2,12.042784
-1.95,1.35,12.817691
-1.95,1.5,13.661699
-1.95,1.65,14.575388
-1.95,1.8,15.558743
-1.95,1.95,16.61115
-1.95,2.1,17.731457
-1.95,2.25,18.918073
-1.95,2.4,20.169111
-1.95,2.55,21.482559
-1.95,2.7,22.856456
-1.95,2.85,24.289069
-1.95,3.0,25.779048
-1.8,-3.0,14.957557
-1.8,-2.85,13.963607
-1.8,-2.7,13.022284
-1.8,-2.55,12.136076
-1.8,-2.4,11.308171
-1.8,-2.25,10.542179
-1.8,-2.1,9.841806
-1.8,-1.95,9.210525
-1.8,-1.8,8.651263
-1.8,-1.65,8.166144
-1.8,-1.5,7.756294
-1.8,-1.35,7.421746
-1.8,-1.2,7.16143
-1.8,-1.05,6.973277
-1.8,-0.9,6.854397
-1.8,-0.75,6.801339
-1.8,-0.6,6.810403
-1.8,-0.45,6.877964
-1.8,-0.3,7.000802
-1.8,-0.15,7.176385
-1.8,0.0,7.403098
-1.8,0.15,7.680385
-1.8,0.3,8.008802
-1.8,0.45,8.389964
-1.8,0.6,8.826403
-1.8,0.75,9.321339
-1.8,0.9,9.878397
-1.8,1.05,10.501277
-1.8,1.2,11.19343
-1.8,1.35,11.957746
-1.8,1.5,12.796294
-1.8,1.65,13.710144
-1.8,1.8,14.699263
-1.8,1.95,15.762525
-1.8,2.1,16.897806
-1.8,2.25,18.102179
-1.8,2.4,19.372171
-1.8,2.55,20.704076
-1.8,2.7,22.094284
-1.8,2.85,23.539607
-1.8,3.0,25.037557
-1.65,-3.0,14.234475
-1.65,-2.85,13.236027
-1.65,-2.7,12.287535
-1.65,-2.55,11.392124
-1.65,-2.4,10.553807
-1.65,-2.25,9.777123
-1.65,-2.1,9.066733
-1.65,-1.95,8.427004
-1.65,-1.8,7.861619
-1.65,-1.65,7.373248
-1.65,-1.5,6.963308
-1.65,-1.35,6.631839
-1.65,-1.2,6.377498
-1.65,-1.05,6.197681
-1.65,-0.9,6.088753
-1.65,-0.75,6.046375
-1.65,-0.6,6.065892
-1.65,-0.45,6.142746
-1.65,-0.3,6.272886
-1.65,-0.15,6.453129
-1.65,0.0,6.681443
-1.65,0.15,6.957129
-1.65,0.3,7.280886
-1.65,0.45,7.654746
-1.65,0.6,8.081892
-1.65,0.75,8.566375
-1.65,0.9,9.112753
-1.65,1.05,9.725681
-1.65,1.2,10.409498
-1.65,1.35,11.167839
-1.65,1.5,12.003308
-1.65,1.65,12.917248
-1.65,1.8,13.909619
-1.65,1.95,14.979004
-1.65,2.1,16.122733
-1.65,2.25,17.337123
-1.65,2.4,18.617807
-1.65,2.55,19.960124
-1.65,2.7,21.359535
-1.65,2.85,22.812027
-1.65,3.0,24.314475
-1.5,-3.0,13.522947
-1.5,-2.85,12.524372
-1.5,-2.7,11.575678
-1.5,-2.55,10.680007
-1.5,-2.4,9.841396
-1.5,-2.25,9.064409
-1.5,-2.1,8.353736
-1.5,-1.95,7.713768
-1.5,-1.8,7.14821
-1.5,-1.65,6.659748
-1.5,-1.5,6.249805
-1.5,-1.35,5.918424
-1.5,-1.2,5.664252
-1.5,-1.05,5.48467
-1.5,-0.9,5.376023
-1.5,-0.75,5.333947
-1.5,-0.6,5.353759
-1.5,-0.45,5.430876
-1.5,-0.3,5.561222
-1.5,-0.15,5.741597
-1.5,0.0,5.969955
-1.5,0.15,6.245597
-1.5,0.3,6.569222
-1.5,0.45,6.942876
-1.5,0.6,7.369759
-1.5,0.75,7.853947
-1.5,0.9,8.400023
-1.5,1.05,9.01267
-1.5,1.2,9.696252
-1.5,1.35,10.454424
-1.5,1.5,11.289805
-1.5,1.65,12.203748
-1.5,1.8,13.19621
-1.5,1.95,14.265768
-1.5,2.1,15.409736
-1.5,2.25,16.624409
-1.5,2.4,17.905396
-1.5,2.55,19.248007
-1.5,2.7,20.647678
-1.5,2.85,22.100372
-1.5,3.0,23.602947
-1.35,-3.0,12.822781
-1.35,-2.85,11.828475
-1.35,-2.7,10.886585
-1.35,-2.55,9.999648
-1.35,-2.4,9.170919
-1.35,-2.25,8.404081
-1.35,-2.1,7.702915
-1.35,-1.95,7.070965
-1.35,-1.8,6.511219
-1.35,-1.65,6.025843
-1.35,-1.5,5.615986
-1.35,-1.35,5.281681
-1.35,-1.2,5.021838
-1.35,-1.05,4.834345
-1.35,-0.9,4.716252
-1.35,-0.75,4.66404
-1.35,-0.6,4.673931
-1.35,-0.45,4.742228
-1.35,-0.3,4.865644
-1.35,-0.15,5.041595
-1.35,0.0,5.268435
-1.35,0.15,5.545595
-1.35,0.3,5.873644
-1.35,0.45,6.254228
-1.35,0.6,6.689931
-1.35,0.75,7.18404
-1.35,0.9,7.740252
-1.35,1.05,8.362345
-1.35,1.2,9.053838
-1.35,1.35,9.817681
-1.35,1.5,10.655986
-1.35,1.65,11.569843
-1.35,1.8,12.559219
-1.35,1.95,13.622965
-1.35,2.1,14.758915
-1.35,2.25,15.964081
-1.35,2.4,17.234919
-1.35,2.55,18.567648
-1.35,2.7,19.958585
-1.35,2.85,21.404475
-1.35,3.0,22.902781
-1.2,-3.0,12.140481
-1.2,-2.85,11.153988
-1.2,-2.7,10.224556
-1.2,-2.55,9.353607
-1.2,-2.4,8.54297
-1.2,-2.25,7.794709
-1.2,-2.1,7.110949
-1.2,-1.95,6.493677
-1.2,-1.8,5.94457
-1.2,-1.65,5.464844
-1.2,-1.5,5.055143
-1.2,-1.35,4.715487
-1.2,-1.2,4.445264
-1.2,-1.05,4.243287
-1.2,-0.9,4.107903
-1.2,-0.75,4.037134
-1.2,-0.6,4.028863
-1.2,-0.45,4.081014
-1.2,-0.3,4.191741
-1.2,-0.15,4.359596
-1.2,0.0,4.583654
-1.2,0.15,4.863596
-1.2,0.3,5.199741
-1.2,0.45,5.593014
-1.2,0.6,6.044863
-1.2,0.75,6.557134
-1.2,0.9,7.131903
-1.2,1.05,7.771287
-1.2,1.2,8.477264
-1.2,1.35,9.251487
-1.2,1.5,10.095143
-1.2,1.65,11.008844
-1.2,1.8,11.99257
-1.2,1.95,13.045677
-1.2,2.1,14.166949
-1.2,2.25,15.354709
-1.2,2.4,16.60697
-1.2,2.55,17.921607
-1.2,2.7,19.296556
-1.2,2.85,20.729988
-1.2,3.0,22.220481
-1.05,-3.0,11.487953
-1.05,-2.85,10.511263
-1.05,-2.7,9.59746
-1.05,-2.55,8.746572
-1.05,-2.4,7.958632
-1.05,-2.25,7.233681
-1.05,-2.1,6.571758
-1.05,-1.95,5.972901
-1.05,-1.8,5.437143
-1.05,-1.65,4.964506
-1.05,-1.5,4.555002
-1.05,-1.35,4.208632
-1.05,-1.2,3.925384
-1.05,-1.05,3.705236
-1.05,-0.9,3.548156
-1.05,-0.75,3.454107
-1.05,-0.6,3.423048
-1.05,-0.45,3.454941
-1.05,-0.3,3.549749
-1.05,-0.15,3.707446
-1.05,0.0,3.928013
-1.05,0.15,4.211446
-1.05,0.3,4.557749
-1.05,0.45,4.966941
-1.05,0.6,5.439048
-1.05,0.75,5.974107
-1.05,0.9,6.572156
-1.05,1.05,7.233236
-1.05,1.2,7.957384
-1.05,1.35,8.744632
-1.05,1.5,9.595002
-1.05,1.65,10.508506
-1.05,1.8,11.485143
-1.05,1.95,12.524901
-1.05,2.1,13.627758
-1.05,2.25,14.793681
-1.05,2.4,16.022632
-1.05,2.55,17.314572
-1.05,2.7,18.66946
-1.05,2.85,20.087263
-1.05,3.0,21.567953
-0.9,-3.0,10.880136
-0.9,-2.85,9.913287
-0.9,-2.7,9.015174
-0.9,-2.55,8.184423
-0.9,-2.4,7.419269
-0.9,-2.25,6.717716
-0.9,-2.1,6.077715
-0.9,-1.95,5.497345
-0.9,-1.8,4.974986
-0.9,-1.65,4.509465
-0.9,-1.5,4.100159
-0.9,-1.35,3.747049
-0.9,-1.2,3.450727
-0.9,-1.05,3.212337
-0.9,-0.9,3.033478
-0.9,-0.75,2.916058
-0.9,-0.6,2.862124
-0.9,-0.45,2.873681
-0.9,-0.3,2.952508
-0.9,-0.15,3.100008
-0.9,0.0,3.317072
-0.9,0.15,3.604008
-0.9,0.3,3.960508
-0.9,0.45,4.385681
-0.9,0.6,4.878124
-0.9,0.75,5.436058
-0.9,0.9,6.057478
-0.9,1.05,6.740337
-0.9,1.2,7.482727
-0.9,1.35,8.283049
-0.9,1.5,9.140159
-0.9,1.65,10.053465
-0.9,1.8,11.022986
-0.9,1.95,12.049345
-0.9,2.1,13.133715
-0.9,2.25,14.277716
-0.9,2.4,15.483269
-0.9,2.55,16.752423
-0.9,2.7,18.087174
-0.9,2.85,19.489287
-0.9,3.0,20.960136
-0.75,-3.0,10.332025
-0.75,-2.85,9.373096
-0.75,-2.7,8.487609
-0.75,-2.55,7.673063
-0.75,-2.4,6.926245
-0.75,-2.25,6.243523
-0.75,-2.1,5.621163
-0.75,-1.95,5.055669
-0.75,-1.8,4.544094
-0.75,-1.65,4.0843
-0.75,-1.5,3.675152
-0.75,-1.35,3.316618
-0.75,-1.2,3.009774
-0.75,-1.05,2.756705
-0.75,-0.9,2.56032
-0.75,-0.75,2.424093
-0.75,-0.6,2.351751
-0.75,-0.45,2.346942
-0.75,-0.3,2.412909
-0.75,-0.15,2.552202
-0.75,0.0,2.766447
-0.75,0.15,3.056202
-0.75,0.3,3.420909
-0.75,0.45,3.858942
-0.75,0.6,4.367751
-0.75,0.75,4.944093
-0.75,0.9,5.58432
-0.75,1.05,6.284705
-0.75,1.2,7.041774
-0.75,1.35,7.852618
-0.75,1.5,8.715152
-0.75,1.65,9.6283
-0.75,1.8,10.592094
-0.75,1.95,11.607669
-0.75,2.1,12.677163
-0.75,2.25,13.803523
-0.75,2.4,14.990245
-0.75,2.55,16.241063
-0.75,2.7,17.559609
-0.75,2.85,18.949096
-0.75,3.0,20.412025
-0.6,-3.0,9.855689
-0.6,-2.85,8.901181
-0.6,-2.7,8.022743
-0.6,-2.55,7.217243
-0.6,-2.4,6.480662
-0.6,-2.25,5.808451
-0.6,-2.1,5.195939
-0.6,-1.95,4.638751
-0.6,-1.8,4.133195
-0.6,-1.65,3.676598
-0.6,-1.5,3.267538
-0.6,-1.35,2.905977
-0.6,-1.2,2.59326
-0.6,-1.05,2.331996
-0.6,-0.9,2.125827
-0.6,-0.75,1.9791
-0.6,-0.6,1.896481
-0.6,-0.45,1.882536
-0.6,-0.3,1.941325
-0.6,-0.15,2.076037
-0.6,0.0,2.288707
-0.6,0.15,2.580037
-0.6,0.3,2.949325
-0.6,0.45,3.394536
-0.6,0.6,3.912481
-0.6,0.75,4.4991
-0.6,0.9,5.149827
-0.6,1.05,5.859996
-0.6,1.2,6.62526
-0.6,1.35,7.441977
-0.6,1.5,8.307538
-0.6,1.65,9.220598
-0.6,1.8,10.181195
-0.6,1.95,11.190751
-0.6,2.1,12.251939
-0.6,2.25,13.368451
-0.6,2.4,14.544662
-0.6,2.55,15.785243
-0.6,2.7,17.094743
-0.6,2.85,18.477181
-0.6,3.0,19.935689
-0.45,-3.0,9.457865
-0.45,-2.85,8.503399
-0.45,-2.7,7.625029
-0.45,-2.55,6.819616
-0.45,-2.4,6.083133
-0.45,-2.25,5.411022
-0.45,-2.1,4.798605
-0.45,-1.95,4.241496
-0.45,-1.8,3.735998
-0.45,-1.65,3.279431
-0.45,-1.5,2.870373
-0.45,-1.35,2.508782
-0.45,-1.2,2.196009
-0.45,-1.05,1.934666
-0.45,-0.9,1.728404
-0.45,-0.75,1.581576
-0.45,-0.6,1.498859
-0.45,-0.45,1.484827
-0.45,-0.3,1.543546
-0.45,-0.15,1.678214
-0.45,0.0,1.89087
-0.45,0.15,2.182214
-0.45,0.3,2.551546
-0.45,0.45,2.996827
-0.45,0.6,3.514859
-0.45,0.75,4.101576
-0.45,0.9,4.752404
-0.45,1.05,5.462666
-0.45,1.2,6.228009
-0.45,1.35,7.044782
-0.45,1.5,7.910373
-0.45,1.65,8.823431
-0.45,1.8,9.783998
-0.45,1.95,10.793496
-0.45,2.1,11.854605
-0.45,2.25,12.971022
-0.45,2.4,14.147133
-0.45,2.55,15.387616
-0.45,2.7,16.697029
-0.45,2.85,18.079399
-0.45,3.0,19.537865
-0.3,-3.0,9.138617
-0.3,-2.85,8.179806
-0.3,-2.7,7.294509
-0.3,-2.55,6.480206
-0.3,-2.4,5.733663
-0.3,-2.25,5.051222
-0.3,-2.1,4.429126
-0.3,-1.95,3.863856
-0.3,-1.8,3.352442
-0.3,-1.65,2.892734
-0.3,-1.5,2.483588
-0.3,-1.35,2.124973
-0.3,-1.2,1.817972
-0.3,-1.05,1.564683
-0.3,-0.9,1.368035
-0.3,-0.75,1.231526
-0.3,-0.6,1.158908
-0.3,-0.45,1.153854
-0.3,-0.3,1.219629
-0.3,-0.15,1.358799
-0.3,0.0,1.573001
-0.3,0.15,1.862799
-0.3,0.3,2.227629
-0.3,0.45,2.665854
-0.3,0.6,3.174908
-0.3,0.75,3.751526
-0.3,0.9,4.392035
-0.3,1.05,5.092683
-0.3,1.2,5.849972
-0.3,1.35,6.660973
-0.3,1.5,7.523588
-0.3,1.65,8.436734
-0.3,1.8,9.400442
-0.3,1.95,10.415856
-0.3,2.1,11.485126
-0.3,2.25,12.611222
-0.3,2.4,13.797663
-0.3,2.55,15.048206
-0.3,2.7,16.366509
-0.3,2.85,17.755806
-0.3,3.0,19.218617
-0.15,-3.0,8.891325
-0.15,-2.85,7.924647
-0.15,-2.7,7.026807
-0.15,-2.55,6.196407
-0.15,-2.4,5.431649
-0.15,-2.25,4.730504
-0.15,-2.1,4.090884
-0.15,-1.95,3.510836
-0.15,-1.8,2.988711
-0.15,-1.65,2.523314
-0.15,-1.5,2.11401
-0.15,-1.35,1.760783
-0.15,-1.2,1.464233
-0.15,-1.05,1.225526
-0.15,-0.9,1.046289
-0.15,-0.75,0.928462
-0.15,-0.6,0.87413
-0.15,-0.45,0.885332
-0.15,-0.3,0.963881
-0.15,-0.15,1.111203
-0.15,0.0,1.328206
-0.15,0.15,1.615203
-0.15,0.3,1.971881
-0.15,0.45,2.397332
-0.15,0.6,2.89013
-0.15,0.75,3.448462
-0.15,0.9,4.070289
-0.15,1.05,4.753526
-0.15,1.2,5.496233
-0.15,1.35,6.296783
-0.15,1.5,7.15401
-0.15,1.65,8.067314
-0.15,1.8,9.036711
-0.15,1.95,10.062836
-0.15,2.1,11.146884
-0.15,2.25,12.290504
-0.15,2.4,13.495649
-0.15,2.55,14.764407
-0.15,2.7,16.098807
-0.15,2.85,17.500647
-0.15,3.0,18.971325
0.0,-3.0,8.704
0.0,-2.85,7.7275
0.0,-2.7,6.814
0.0,-2.55,5.9635
0.0,-2.4,5.176
0.0,-2.25,4.4515
0.0,-2.1,3.79
0.0,-1.95,3.1915
0.0,-1.8,2.656
0.0,-1.65,2.1835
0.0,-1.5,1.774
0.0,-1.35,1.4275
0.0,-1.2,1.144
0.0,-1.05,0.9235
0.0,-0.9,0.766
0.0,-0.75,0.6715
0.0,-0.6,0.64
0.0,-0.45,0.6715
0.0,-0.3,0.766
0.0,-0.15,0.9235
0.0,0.0,1.144
0.0,0.15,1.4275
0.0,0.3,1.774
0.0,0.45,2.1835
0.0,0.6,2.656
0.0,0.75,3.1915
0.0,0.9,3.79
0.0,1.05,4.4515
0.0,1.2,5.176
0.0,1.35,5.9635
0.0,1.5,6.814
0.0,1.65,7.7275
0.0,1.8,8.704
0.0,1.95,9.7435
0.0,2.1,10.846
0.0,2.25,12.0115
0.0,2.4,13.24
0.0,2.55,14.5315
0.0,2.7,15.886
0.0,2.85,17.3035
0.0,3.0,18.784
0.15,-3.0,8.561675
0.15,-2.85,7.575353
0.15,-2.7,6.646193
0.15,-2.55,5.775593
0.15,-2.4,4.965351
0.15,-2.25,4.217496
0.15,-2.1,3.534116
0.15,-1.95,2.917164
0.15,-1.8,2.368289
0.15,-1.65,1.888686
0.15,-1.5,1.47899
0.15,-1.35,1.139217
0.15,-1.2,0.868767
0.15,-1.05,0.666474
0.15,-0.9,0.530711
0.15,-0.75,0.459538
0.15,-0.6,0.45087
0.15,-0.45,0.502668
0.15,-0.3,0.613119
0.15,-0.15,0.780797
0.15,0.0,1.004794
0.15,0.15,1.284797
0.15,0.3,1.621119
0.15,0.45,2.014668
0.15,0.6,2.46687
0.15,0.75,2.979538
0.15,0.9,3.554711
0.15,1.05,4.194474
0.15,1.2,4.900767
0.15,1.35,5.675217
0.15,1.5,6.51899
0.15,1.65,7.432686
0.15,1.8,8.416289
0.15,1.95,9.469164
0.15,2.1,10.590116
0.15,2.25,11.777496
0.15,2.4,13.029351
0.15,2.55,14.343593
0.15,2.7,15.718193
0.15,2.85,17.151353
0.15,3.0,18.641675
0.3,-3.0,8.449383
0.3,-2.85,7.455194
0.3,-2.7,6.513491
0.3,-2.55,5.626794
0.3,-2.4,4.798337
0.3,-2.25,4.031778
0.3,-2.1,3.330874
0.3,-1.95,2.699144
0.3,-1.8,2.139558
0.3,-1.65,1.654266
0.3,-1.5,1.244412
0.3,-1.35,0.910027
0.3,-1.2,0.650028
0.3,-1.05,0.462317
0.3,-0.9,0.343965
0.3,-0.75,0.291474
0.3,-0.6,0.301092
0.3,-0.45,0.369146
0.3,-0.3,0.492371
0.3,-0.15,0.668201
0.3,0.0,0.894999
0.3,0.15,1.172201
0.3,0.3,1.500371
0.3,0.45,1.881146
0.3,0.6,2.317092
0.3,0.75,2.811474
0.3,0.9,3.367965
0.3,1.05,3.990317
0.3,1.2,4.682028
0.3,1.35,5.446027
0.3,1.5,6.284412
0.3,1.65,7.198266
0.3,1.8,8.187558
0.3,1.95,9.251144
0.3,2.1,10.386874
0.3,2.25,11.591778
0.3,2.4,12.862337
0.3,2.55,14.194794
0.3,2.7,15.585491
0.3,2.85,17.031194
0.3,3.0,18.529383
0.45,-3.0,8.355135
0.45,-2.85,7.356601
0.45,-2.7,6.407971
0.45,-2.55,5.512384
0.45,-2.4,4.673867
0.45,-2.25,3.896978
0.45,-2.1,3.186395
0.45,-1.95,2.546504
0.45,-1.8,1.981002
0.45,-1.65,1.492569
0.45,-1.5,1.082627
0.45,-1.35,0.751218
0.45,-1.2,0.496991
0.45,-1.05,0.317334
0.45,-0.9,0.208596
0.45,-0.75,0.166424
0.45,-0.6,0.186141
0.45,-0.45,0.263173
0.45,-0.3,0.393454
0.45,-0.15,0.573786
0.45,0.0,0.80213
0.45,0.15,1.077786
0.45,0.3,1.401454
0.45,0.45,1.775173
0.45,0.6,2.202141
0.45,0.75,2.686424
0.45,0.9,3.232596
0.45,1.05,3.845334
0.45,1.2,4.528991
0.45,1.35,5.287218
0.45,1.5,6.122627
0.45,1.65,7.036569
0.45,1.8,8.029002
0.45,1.95,9.098504
0.45,2.1,10.242395
0.45,2.25,11.456978
0.45,2.4,12.737867
0.45,2.55,14.080384
0.45,2.7,15.479971
0.45,2.85,16.932601
0.45,3.0,18.435135
0.6,-3.0,8.272311
0.6,-2.85,7.273819
0.6,-2.7,6.325257
0.6,-2.55,5.429757
0.6,-2.4,4.591338
0.6,-2.25,3.814549
0.6,-2.1,3.104061
0.6,-1.95,2.464249
0.6,-1.8,1.898805
0.6,-1.65,1.410402
0.6,-1.5,1.000462
0.6,-1.35,0.669023
0.6,-1.2,0.41474
0.6,-1.05,0.235004
0.6,-0.9,0.126173
0.6,-0.75,0.0839
0.6,-0.6,0.103519
0.6,-0.45,0.180464
0.6,-0.3,0.310675
0.6,-0.15,0.490963
0.6,0.0,0.719293
0.6,0.15,0.994963
0.6,0.3,1.318675
0.6,0.45,1.692464
0.6,0.6,2.119519
0.6,0.75,2.6039
0.6,0.9,3.150173
0.6,1.05,3.763004
0.6,1.2,4.44674
0.6,1.35,5.205023
0.6,1.5,6.040462
0.6,1.65,6.954402
0.6,1.8,7.946805
0.6,1.95,9.016249
0.6,2.1,10.160061
0.6,2.25,11.374549
0.6,2.4,12.655338
0.6,2.55,13.997757
0.6,2.7,15.397257
0.6,2.85,16.849819
0.6,3.0,18.352311
0.75,-3.0,8.200975
0.75,-2.85,7.206904
0.75,-2.7,6.265391
0.75,-2.55,5.378937
0.75,-2.4,4.550755
0.75,-2.25,3.784477
0.75,-2.1,3.083837
0.75,-1.95,2.452331
0.75,-1.8,1.892906
0.75,-1.65,1.4077
0.75,-1.5,0.997848
0.75,-1.35,0.663382
0.75,-1.2,0.403226
0.75,-1.05,0.215295
0.75,-0.9,0.09668
0.75,-0.75,0.043907
0.75,-0.6,0.053249
0.75,-0.45,0.121058
0.75,-0.3,0.244091
0.75,-0.15,0.419798
0.75,0.0,0.646553
0.75,0.15,0.923798
0.75,0.3,1.252091
0.75,0.45,1.633058
0.75,0.6,2.069249
0.75,0.75,2.563907
0.75,0.9,3.12068
0.75,1.05,3.743295
0.75,1.2,4.435226
0.75,1.35,5.199382
0.75,1.5,6.037848
0.75,1.65,6.9517
0.75,1.8,7.940906
0.75,1.95,9.004331
0.75,2.1,10.139837
0.75,2.25,11.344477
0.75,2.4,12.614755
0.75,2.55,13.946937
0.75,2.7,15.337391
0.75,2.85,16.782904
0.75,3.0,18.280975
0.9,-3.0,8.147864
0.9,-2.85,7.161713
0.9,-2.7,6.232826
0.9,-2.55,5.362577
0.9,-2.4,4.552731
0.9,-2.25,3.805284
0.9,-2.1,3.122285
0.9,-1.95,2.505655
0.9,-1.8,1.957014
0.9,-1.65,1.477535
0.9,-1.5,1.067841
0.9,-1.35,0.727951
0.9,-1.2,0.457273
0.9,-1.05,0.254663
0.9,-0.9,0.118522
0.9,-0.75,0.046942
0.9,-0.6,0.037876
0.9,-0.45,0.089319
0.9,-0.3,0.199492
0.9,-0.15,0.366992
0.9,0.0,0.590928
0.9,0.15,0.870992
0.9,0.3,1.207492
0.9,0.45,1.601319
0.9,0.6,2.053876
0.9,0.75,2.566942
0.9,0.9,3.142522
0.9,1.05,3.782663
0.9,1.2,4.489273
0.9,1.35,5.263951
0.9,1.5,6.107841
0.9,1.65,7.021535
0.9,1.8,8.005014
0.9,1.95,9.057655
0.9,2.1,10.178285
0.9,2.25,11.365284
0.9,2.4,12.616731
0.9,2.55,13.930577
0.9,2.7,15.304826
0.9,2.85,16.737713
0.9,3.0,18.227864
1.05,-3.0,8.125047
1.05,-2.85,7.148737
1.05,-2.7,6.23554
1.05,-2.55,5.385428
1.05,-2.4,4.598368
1.05,-2.25,3.874319
1.05,-2.1,3.213242
1.05,-1.95,2.615099
1.05,-1.8,2.079857
1.05,-1.65,1.607494
1.05,-1.5,1.197998
1.05,-1.35,0.851368
1.05,-1.2,0.567616
1.05,-1.05,0.346764
1.05,-0.9,0.188844
1.05,-0.75,0.093893
1.05,-0.6,0.061952
1.05,-0.45,0.093059
1.05,-0.3,0.187251
1.05,-0.15,0.344554
1.05,0.0,0.564987
1.05,0.15,0.848554
1.05,0.3,1.195251
1.05,0.45,1.605059
1.05,0.6,2.077952
1.05,0.75,2.613893
1.05,0.9,3.212844
1.05,1.05,3.874764
1.05,1.2,4.599616
1.05,1.35,5.387368
1.05,1.5,6.237998
1.05,1.65,7.151494
1.05,1.8,8.127857
1.05,1.95,9.167099
1.05,2.1,10.269242
1.05,2.25,11.434319
1.05,2.4,12.662368
1.05,2.55,13.953428
1.05,2.7,15.30754
1.05,2.85,16.724737
1.05,3.0,18.205047
1.2,-3.0,8.147519
1.2,-2.85,7.181012
1.2,-2.7,6.283444
1.2,-2.55,5.453393
1.2,-2.4,4.68903
1.2,-2.25,3.988291
1.2,-2.1,3.349051
1.2,-1.95,2.769323
1.2,-1.8,2.24743
1.2,-1.65,1.782156
1.2,-1.5,1.372857
1.2,-1.35,1.019513
1.2,-1.2,0.722736
1.2,-1.05,0.483713
1.2,-0.9,0.304097
1.2,-0.75,0.185866
1.2,-0.6,0.131137
1.2,-0.45,0.141986
1.2,-0.3,0.220259
1.2,-0.15,0.367404
1.2,0.0,0.584346
1.2,0.15,0.871404
1.2,0.3,1.228259
1.2,0.45,1.653986
1.2,0.6,2.147137
1.2,0.75,2.705866
1.2,0.9,3.328097
1.2,1.05,4.011713
1.2,1.2,4.754736
1.2,1.35,5.555513
1.2,1.5,6.412857
1.2,1.65,7.326156
1.2,1.8,8.29543
1.2,1.95,9.321323
1.2,2.1,10.405051
1.2,2.25,11.548291
1.2,2.4,12.75303
1.2,2.55,14.021393
1.2,2.7,15.355444
1.2,2.85,16.757012
1.2,3.0,18.227519
1.35,-3.0,8.230219
1.35,-2.85,7.271525
1.35,-2.7,6.386415
1.35,-2.55,5.572352
1.35,-2.4,4.826081
1.35,-2.25,4.143919
1.35,-2.1,3.522085
1.35,-1.95,2.957035
1.35,-1.8,2.445781
1.35,-1.65,1.986157
1.35,-1.5,1.577014
1.35,-1.35,1.218319
1.35,-1.2,0.911162
1.35,-1.05,0.657655
1.35,-0.9,0.460748
1.35,-0.75,0.32396
1.35,-0.6,0.251069
1.35,-0.45,0.245772
1.35,-0.3,0.311356
1.35,-0.15,0.450405
1.35,0.0,0.664565
1.35,0.15,0.954405
1.35,0.3,1.319356
1.35,0.45,1.757772
1.35,0.6,2.267069
1.35,0.75,2.84396
1.35,0.9,3.484748
1.35,1.05,4.185655
1.35,1.2,4.943162
1.35,1.35,5.754319
1.35,1.5,6.617014
1.35,1.65,7.530157
1.35,1.8,8.493781
1.35,1.95,9.509035
1.35,2.1,10.578085
1.35,2.25,11.703919
1.35,2.4,12.890081
1.35,2.55,14.140352
1.35,2.7,15.458415
1.35,2.85,16.847525
1.35,3.0,18.310219
1.5,-3.0,8.385053
1.5,-2.85,7.430628
1.5,-2.7,6.552322
1.5,-2.55,5.746993
1.5,-2.4,5.010604
1.5,-2.25,4.338591
1.5,-2.1,3.726264
1.5,-1.95,3.169232
1.5,-1.8,2.66379
1.5,-1.65,2.207252
1.5,-1.5,1.798195
1.5,-1.35,1.436576
1.5,-1.2,1.123748
1.5,-1.05,0.86233
1.5,-0.9,0.655977
1.5,-0.75,0.509053
1.5,-0.6,0.426241
1.5,-0.45,0.412124
1.5,-0.3,0.470778
1.5,-0.15,0.605403
1.5,0.0,0.818045
1.5,0.15,1.109403
1.5,0.3,1.478778
1.5,0.45,1.924124
1.5,0.6,2.442241
1.5,0.75,3.029053
1.5,0.9,3.679977
1.5,1.05,4.39033
1.5,1.2,5.155748
1.5,1.35,5.972576
1.5,1.5,6.838195
1.5,1.65,7.751252
1.5,1.8,8.71179
1.5,1.95,9.721232
1.5,2.1,10.782264
1.5,2.25,11.898591
1.5,2.4,13.074604
1.5,2.55,14.314993
1.5,2.7,15.624322
1.5,2.85,17.006628
1.5,3.0,18.465053
1.65,-3.0,8.618525
1.65,-2.85,7.663973
1.65,-2.7,6.785465
1.65,-2.55,5.979876
1.65,-2.4,5.243193
1.65,-2.25,4.570877
1.65,-2.1,3.958267
1.65,-1.95,3.400996
1.65,-1.8,2.895381
1.65,-1.65,2.438752
1.65,-1.5,2.029692
1.65,-1.35,1.668161
1.65,-1.2,1.355502
1.65,-1.05,1.094319
1.65,-0.9,0.888247
1.65,-0.75,0.741625
1.65,-0.6,0.659108
1.65,-0.45,0.645254
1.65,-0.3,0.704114
1.65,-0.15,0.838871
1.65,0.0,1.051557
1.65,0.15,1.342871
1.65,0.3,1.712114
1.65,0.45,2.157254
1.65,0.6,2.675108
1.65,0.75,3.261625
1.65,0.9,3.912247
1.65,1.05,4.622319
1.65,1.2,5.387502
1.65,1.35,6.204161
1.65,1.5,7.069692
1.65,1.65,7.982752
1.65,1.8,8.943381
1.65,1.95,9.952996
1.65,2.1,11.014267
1.65,2.25,12.130877
1.65,2.4,13.307193
1.65,2.55,14.547876
1.65,2.7,15.857465
1.65,2.85,17.239973
1.65,3.0,18.698525
1.8,-3.0,8.930443
1.8,-2.85,7.971393
1.8,-2.7,7.085716
1.8,-2.55,6.270924
1.8,-2.4,5.523829
1.8,-2.25,4.840821
1.8,-2.1,4.218194
1.8,-1.95,3.652475
1.8,-1.8,3.140737
1.8,-1.65,2.680856
1.8,-1.5,2.271706
1.8,-1.35,1.913254
1.8,-1.2,1.60657
1.8,-1.05,1.353723
1.8,-0.9,1.157603
1.8,-0.75,1.021661
1.8,-0.6,0.949597
1.8,-0.45,0.945036
1.8,-0.3,1.011198
1.8,-0.15,1.150615
1.8,0.0,1.364902
1.8,0.15,1.654615
1.8,0.3,2.019198
1.8,0.45,2.457036
1.8,0.6,2.965597
1.8,0.75,3.541661
1.8,0.9,4.181603
1.8,1.05,4.881723
1.8,1.2,5.63857
1.8,1.35,6.449254
1.8,1.5,7.311706
1.8,1.65,8.224856
1.8,1.8,9.188737
1.8,1.95,10.204475
1.8,2.1,11.274194
1.8,2.25,12.400821
1.8,2.4,13.587829
1.8,2.55,14.838924
1.8,2.7,16.157716
1.8,2.85,17.547393
1.8,3.0,19.010443
1.95,-3.0,9.313952
1.95,-2.85,8.346931
1.95,-2.7,7.448544
1.95,-2.55,6.617441
1.95,-2.4,5.851889
1.95,-2.25,5.149927
1.95,-2.1,4.509543
1.95,-1.95,3.92885
1.95,-1.8,3.406257
1.95,-1.65,2.940612
1.95,-1.5,2.531301
1.95,-1.35,2.178309
1.95,-1.2,1.882216
1.95,-1.05,1.644145
1.95,-0.9,1.465667
1.95,-0.75,1.348655
1.95,-0.6,1.295121
1.95,-0.45,1.307033
1.95,-0.3,1.38614
1.95,-0.15,1.533817
1.95,0.0,1.750942
1.95,0.15,2.037817
1.95,0.3,2.39414
1.95,0.45,2.819033
1.95,0.6,3.311121
1.95,0.75,3.868655
1.95,0.9,4.489667
1.95,1.05,5.172145
1.95,1.2,5.914216
1.95,1.35,6.714309
1.95,1.5,7.571301
1.95,1.65,8.484612
1.95,1.8,9.454257
1.95,1.95,10.48085
1.95,2.1,11.565543
1.95,2.25,12.709927
1.95,2.4,13.915889
1.95,2.55,15.185441
1.95,2.7,16.520544
1.95,2.85,17.922931
1.95,3.0,19.393952
2.1,-3.0,9.756906
2.1,-2.85,8.780026
2.1,-2.7,7.865921
2.1,-2.55,7.014644
2.1,-2.4,6.226265
2.1,-2.25,5.500862
2.1,-2.1,4.838516
2.1,-1.95,4.239303
2.1,-1.8,3.703286
2.1,-1.65,3.230511
2.1,-1.5,2.821004
2.1,-1.35,2.474764
2.1,-1.2,2.191768
2.1,-1.05,1.971972
2.1,-0.9,1.815312
2.1,-0.75,1.721714
2.1,-0.6,1.691097
2.1,-0.45,1.723381
2.1,-0.3,1.818498
2.1,-0.15,1.976391
2.1,0.0,2.197027
2.1,0.15,2.480391
2.1,0.3,2.826498
2.1,0.45,3.235381
2.1,0.6,3.707097
2.1,0.75,4.241714
2.1,0.9,4.839312
2.1,1.05,5.499972
2.1,1.2,6.223768
2.1,1.35,7.010764
2.1,1.5,7.861004
2.1,1.65,8.774511
2.1,1.8,9.751286
2.1,1.95,10.791303
2.1,2.1,11.894516
2.1,2.25,13.060862
2.1,2.4,14.290265
2.1,2.55,15.582644
2.1,2.7,16.937921
2.1,2.85,18.356026
2.1,3.0,19.836906
2.25,-3.0,10.244281
2.25,-2.85,9.257618
2.25,-2.7,8.327915
2.25,-2.55,7.456619
2.25,-2.4,6.645588
2.25,-2.25,5.896924
2.25,-2.1,5.212785
2.25,-1.95,4.595194
2.25,-1.8,4.045855
2.25,-1.65,3.566006
2.25,-1.5,3.156303
2.25,-1.35,2.816763
2.25,-1.2,2.546765
2.25,-1.05,2.345103
2.25,-0.9,2.210095
2.25,-0.75,2.13973
2.25,-0.6,2.131854
2.25,-0.45,2.184355
2.25,-0.3,2.295359
2.25,-0.15,2.46339
2.25,0.0,2.687508
2.25,0.15,2.96739
2.25,0.3,3.303359
2.25,0.45,3.696355
2.25,0.6,4.147854
2.25,0.75,4.65973
2.25,0.9,5.234095
2.25,1.05,5.873103
2.25,1.2,6.578765
2.25,1.35,7.352763
2.25,1.5,8.196303
2.25,1.65,9.110006
2.25,1.8,10.093855
2.25,1.95,11.147194
2.25,2.1,12.268785
2.25,2.25,13.456924
2.25,2.4,14.709588
2.25,2.55,16.024619
2.25,2.7,17.399915
2.25,2.85,18.833618
2.25,3.0,20.324281
2.4,-3.0,10.76117
2.4,-2.85,9.766747
2.4,-2.7,8.824672
2.4,-2.55,7.937498
2.4,-2.4,7.1085
2.4,-2.25,6.341386
2.4,-2.1,5.639961
2.4,-1.95,5.007793
2.4,-1.8,4.447889
2.4,-1.65,3.962428
2.4,-1.5,3.552569
2.4,-1.35,3.218344
2.4,-1.2,2.958656
2.4,-1.05,2.771378
2.4,-0.9,2.653542
2.4,-0.75,2.601606
2.4,-0.6,2.611767
2.4,-0.45,2.680303
2.4,-0.3,2.803908
2.4,-0.15,2.97998
2.4,0.0,3.20686
2.4,0.15,3.48398
2.4,0.3,3.811908
2.4,0.45,4.192303
2.4,0.6,4.627767
2.4,0.75,5.121606
2.4,0.9,5.677542
2.4,1.05,6.299378
2.4,1.2,6.990656
2.4,1.35,7.754344
2.4,1.5,8.592569
2.4,1.65,9.506428
2.4,1.8,10.495889
2.4,1.95,11.559793
2.4,2.1,12.695961
2.4,2.25,13.901386
2.4,2.4,15.1725
2.4,2.55,16.505498
2.4,2.7,17.896672
2.4,2.85,19.342747
2.4,3.0,20.84117
2.55,-3.0,11.295747
2.55,-2.85,10.297133
2.55,-2.7,9.348376
2.55,-2.55,8.452625
2.55,-2.4,7.613923
2.55,-2.25,6.836843
2.55,-2.1,6.126083
2.55,-1.95,5.486041
2.55,-1.8,4.92043
2.55,-1.65,4.431939
2.55,-1.5,4.021996
2.55,-1.35,3.690641
2.55,-1.2,3.436521
2.55,-1.05,3.257012
2.55,-0.9,3.148451
2.55,-0.75,3.106469
2.55,-0.6,3.126372
2.55,-0.45,3.20357
2.55,-0.3,3.33398
2.55,-0.15,3.514395
2.55,0.0,3.742768
2.55,0.15,4.018395
2.55,0.3,4.34198
2.55,0.45,4.71557
2.55,0.6,5.142372
2.55,0.75,5.626469
2.55,0.9,6.172451
2.55,1.05,6.785012
2.55,1.2,7.468521
2.55,1.35,8.226641
2.55,1.5,9.061996
2.55,1.65,9.975939
2.55,1.8,10.96843
2.55,1.95,12.038041
2.55,2.1,13.182083
2.55,2.25,14.396843
2.55,2.4,15.677923
2.55,2.55,17.020625
2.55,2.7,18.420376
2.55,2.85,19.873133
2.55,3.0,21.375747
2.7,-3.0,11.841627
2.7,-2.85,10.843224
2.7,-2.7,9.894805
2.7,-2.55,8.999487
2.7,-2.4,8.161276
2.7,-2.25,7.384699
2.7,-2.1,6.67441
2.7,-1.95,6.034767
2.7,-1.8,5.469444
2.7,-1.65,4.981106
2.7,-1.5,4.571167
2.7,-1.35,4.239667
2.7,-1.2,3.985266
2.7,-1.05,3.805364
2.7,-0.9,3.696335
2.7,-0.75,3.653849
2.7,-0.6,3.67326
2.7,-0.45,3.750021
2.7,-0.3,3.880087
2.7,-0.15,4.060283
2.7,0.0,4.28858
2.7,0.15,4.564283
2.7,0.3,4.888087
2.7,0.45,5.262021
2.7,0.6,5.68926
2.7,0.75,6.173849
2.7,0.9,6.720335
2.7,1.05,7.333364
2.7,1.2,8.017266
2.7,1.35,8.775667
2.7,1.5,9.611167
2.7,1.65,10.525106
2.7,1.8,11.517444
2.7,1.95,12.586767
2.7,2.1,13.73041
2.7,2.25,14.944699
2.7,2.4,16.225276
2.7,2.55,17.567487
2.7,2.7,18.966805
2.7,2.85,20.419224
2.7,3.0,21.921627
2.85,-3.0,12.39913
2.85,-2.85,11.405301
2.85,-2.7,10.464172
2.85,-2.55,9.578211
2.85,-2.4,8.750586
2.85,-2.25,7.984882
2.85,-2.1,7.284779
2.85,-1.95,6.653725
2.85,-1.8,6.094629
2.85,-1.65,5.609597
2.85,-1.5,5.19975
2.85,-1.35,4.865119
2.85,-1.2,4.604642
2.85,-1.05,4.416264
2.85,-0.9,4.297116
2.85,-0.75,4.243771
2.85,-0.6,4.252553
2.85,-0.45,4.319864
2.85,-0.3,4.442505
2.85,-0.15,4.617963
2.85,0.0,4.844632
2.85,0.15,5.121963
2.85,0.3,5.450505
2.85,0.45,5.831864
2.85,0.6,6.268553
2.85,0.75,6.763771
2.85,0.9,7.321116
2.85,1.05,7.944264
2.85,1.2,8.636642
2.85,1.35,9.401119
2.85,1.5,10.23975
2.85,1.65,11.153597
2.85,1.8,12.142629
2.85,1.95,13.205725
2.85,2.1,14.340779
2.85,2.25,15.544882
2.85,2.4,16.814586
2.85,2.55,18.146211
2.85,2.7,19.536172
2.85,2.85,20.981301
2.85,3.0,22.47913
3.0,-3.0,12.975227
3.0,-2.85,11.98942
3.0,-2.7,11.061082
3.0,-2.55,10.191539
3.0,-2.4,9.382491
3.0,-2.25,8.635863
3.0,-2.1,7.953632
3.0,-1.95,7.337649
3.0,-1.8,6.789477
3.0,-1.65,6.310247
3.0,-1.5,5.900561
3.0,-1.35,5.560435
3.0,-1.2,5.289299
3.0,-1.05,5.08605
3.0,-0.9,4.949146
3.0,-0.75,4.876747
3.0,-0.6,4.86688
3.0,-0.45,4.917612
3.0,-0.3,5.027224
3.0,-0.15,5.194368
3.0,0.0,5.418181
3.0,0.15,5.698368
3.0,0.3,6.035224
3.0,0.45,6.429612
3.0,0.6,6.88288
3.0,0.75,7.396747
3.0,0.9,7.973146
3.0,1.05,8.61405
3.0,1.2,9.321299
3.0,1.35,10.096435
3.0,1.5,10.940561
3.0,1.65,11.854247
3.0,1.8,12.837477
3.0,1.95,13.889649
3.0,2.1,15.009632
3.0,2.25,16.195863
3.0,2.4,17.446491
3.0,2.55,18.759539
3.0,2.7,20.133082
3.0,2.85,21.56542
3.0,3.0,23.055227
